{"(1, 1)": [-3.43094701955, -2.8351688647892415, -2.612896978897507, -3.062897555], "(1, 2)": [-2.8759792512061364, -3.21558511065384, -2.1896891568678165, -3.8561603772519497], "(1, 3)": [-3.32657248108024, -3.9472300455072085, 0.6287032629869935, -4.452905054342438], "(1, 4)": [-0.4344447959748393, -4.641051006154074, -3.751131832953889, -4.709251314984799], "(2, 1)": [-3.062897555, -2.6337650904582692, -2.2509652766553625, -2.6993883498319646], "(2, 2)": [-2.7474347892985733, -3.114179907553216, 3.121993362461255, -2.8431522822634894], "(2, 3)": [1.8097694934373054, -3.6606927793664252, -4.073489905574079, -3.5892152314947268], "(2, 4)": [-2.284005011225784, -4.249526823515004, -4.324574141163504, -3.9719577616343504], "(3, 1)": [-2.04755, -1.9431733704833962, -1.6796103959295887, -2.188429337441399], "(3, 2)": [-1.9971669351836536, -2.8476639500000003, 4.579998846071692, -2.1986854544029533], "(4, 1)": [-2.342795, -0.45127301988462926, -1.212130626166729, -1.4431089120843097], "(4, 2)": [-1.312361829630737, 6.1999998497410695, -0.8362599283584649, -1.4643084535316753], "(4, 3)": [-0.199, 7.999999986977766, -0.1, -0.95], "(4, 4)": [0.0, -0.5, 9.999999999437241, -0.95], "(5, 1)": [-1.355, -0.6480207449863485, -1.7195, -0.7877003076854497], "(5, 2)": [-0.5496791645116585, 1.2971950730900002, -1.355, -0.6719781346219], "(5, 3)": [-0.11053900000000001, 6.12579511, -0.5, -0.271], "(5, 4)": [0.0, 0.0, 0.0, 0.0]}