{"(1, 1)": [-3.062897555, -2.7476951558082585, -2.560386166577999, -2.8476639500000003], "(1, 2)": [-2.869898630819394, -3.1384053009182518, 0.02521833055793757, -3.587852317595], "(1, 3)": [-2.1500995061722534, -3.8292019469822187, -2.922204575412037, -4.324574141163504], "(1, 4)": [-3.5091387038287176, -4.641051006154074, -0.4342292311051575, -4.709251314984799], "(2, 1)": [-2.8476639500000003, -2.4557807557656455, -2.337998242324516, -2.2326514883075097], "(2, 2)": [-2.686547012826934, -2.771092818613883, 3.121997693026597, -2.709714192764221], "(2, 3)": [1.8097886228217868, -3.5054739525062577, -3.9705443395267546, -3.3984609300846866], "(2, 4)": [0.6287730557061267, -4.166140915016671, -4.392116727047154, -3.963099812108609], "(3, 1)": [-3.062897555, -1.6668712089741593, -1.856582942488459, -1.8006603008716022], "(3, 2)": [-2.1840549347175076, -2.6085155, 4.579999626317173, -1.9745880441685006], "(4, 1)": [-2.04755, -0.9816014237998144, -1.2101887981379753, -1.6981061740875627], "(4, 2)": [-1.2990815062163756, 6.199999954881285, -0.5719736146281049, -1.2831146920232737], "(4, 3)": [-0.5968919867281302, -0.271, 7.999999996393323, -1.355], "(4, 4)": [-0.29341441, -0.5, 0.0, -0.5], "(5, 1)": [-1.7195, -0.57668890290499, -2.342795, -1.1282151589838574], "(5, 2)": [-0.5595798548446381, 2.090803281744411, -1.355, -0.7497919031852478], "(5, 3)": [-0.19, 9.999999999856954, -0.5, -0.19], "(5, 4)": [0.0, 0.0, 0.0, 0.0]}